title,url,summary,category,source,full_content
"Trump administration may soon deport migrants to Libya, U.S. officials say",https://www.cbsnews.com/news/trump-administration-may-soon-deport-migrants-to-libya/,"The deportations, expected to be operated by the U.S. military, could start as early as this week, two U.S. officials told CBS News.",politics,cbsnews,"The Trump administration may soon start deporting migrants to Libya, expanding its mass deportation campaign to the troubled North African country, two U.S. officials told CBS News Tuesday.

The deportations, expected to be operated by the U.S. military, could start as early as this week, the officials said, requesting anonymity to discuss internal government plans.

Libya is one of several far-flung nations the U.S. government has been asking to accept deportations of migrants from third countries, CBS News reported earlier this week.

The possibility of U.S. deportations to Libya, reported earlier Tuesday by Reuters, is a stunning proposition given the deep political and social turmoil the North African country finds itself in, as well as its human rights record.

Since a civil war erupted in 2011, Libya has been plagued by armed conflict and political tumult. The country, itself a corridor for desperate migrants hoping to reach Europe by crossing the Mediterranean Sea, is divided into two factions. The western part of the country is overseen by a United Nations-backed government in Tripoli, while the east is controlled by a strongman .

The State Department has a Level 4 travel advisory for Libya, warning Americans not to travel there because of ""crime, terrorism, unexploded landmines, civil unrest, kidnapping, and armed conflict.""

Libya has also gained infamy over its treatment of migrants seeking to reach Europe, with both advocates and U.S. officials finding that detainees in the North African country face brutal conditions, due process violations and even torture in immigration detention centers.

It's unclear who exactly would be deported to Libya under the plans being considered by the Trump administration and whether they would be detained by authorities there upon arrival.

As part of its aggressive efforts to deter migrants from entering or staying in the U.S. illegally, the Trump administration has mounted an intense diplomatic campaign to forge deportations agreements that allow the U.S. to send migrants to countries that are not their own.

It has already persuaded several Latin America countries to accept third country nationals, sending Asian and African migrants to Costa Rica and Panama, as well as a group of Venezuelan men accused of gang membership to El Salvador, which transferred them to a notorious mega prison.

But the Trump administration has also sought to broker deportation agreements with countries in other continents, including Africa and Europe.

The other countries U.S. officials have approached for potential third country deportation arrangements include Angola, Benin, Eswatini, Moldova and Rwanda, according to internal U.S. government documents and officials.

It's unclear whether any of those countries will finalize agreements with the U.S. After CBS News identified Angola as one of the countries the U.S. had approached, its embassy in Washington said the West African country would not accept deportees from third countries.

Camilo Montoya-Galvez is the immigration reporter at CBS News. Based in Washington, he covers immigration policy and politics."
Trump slams Newsom after California governor proposes federal film tax credit,https://www.cbsnews.com/news/president-trump-gavin-newsom-film-tariffs-tax-credit/,"President Trump slammed Gavin Newsom on Tuesday, just hours after the California governor asked for collaboration on a massive national film tax credit.",politics,cbsnews,"President Trump slammed Gavin Newsom on Tuesday just hours after the California governor asked for collaboration on a massive film tax credit.

""California built the film industry — and we're ready to bring even more jobs home.  We've proven what strong state incentives can do,"" Newsom's post on X said. ""Now it's time for a real federal partnership to Make America Film Again.""

His request came after the president announced over the weekend that he would impose 100% tariffs on all films produced outside the U.S. In a post on Truth Social, Mr. Trump said the nation's movie industry was ""DYING a very fast death.""

The film industry has taken multiple hits in recent years, notably the COVID pandemic in 2020 and the Hollywood strikes in 2023. Production has failed to return to pre-pandemic levels since experiencing a 22% drop in the first quarter of 2025 from 2024 levels.

Last year, Newsom and Los Angeles Mayor Karen Bass proposed an increase in California's annual film tax credit from $330 million to $750 million.

Mr. Trump spoke about Newsom and many other topics when questioned by reporters during an Oval Office meeting with Canadian Prime Minister Mark Carney on Tuesday. A day earlier, during a meeting with NFL Commissioner Roger Goodell and others to announce that the NFL draft would be held in Washington in 2027 , the president also talked about Newsom and Hollywood.

He said the American film industry has been ""decimated"" by other countries and the ""grossly incompetent"" Newsom, which he said caused the film industry to ""abandon"" the U.S. But he vowed that ""we'll get it back."" He said he'll be meeting with some film industry executives to ""make sure they're happy with"" the prospective tariffs.

The president referred to the California High-Speed Rail project, which would run between San Francisco and Los Angeles.

""A little train going from San Francisco to Los Angeles that's being run by Gavin Newscum, the governor of California. Ever heard of Gavin Newscum?"" Mr. Trump said. ""That train is the worst cost overrun thing I've ever seen. ... It's hundreds of billions for a stupid project that should've never been built.""

Mr. Trump did have some brief but kind words for Newsom in the midst of his barrage.

""And Gavin, you know, I always like Gavin, had a good relationship with him,"" he said.

He also touched on the January wild fires, claiming that he gave water to California .

""I just got him a lot of water. I sent in people to open up that water, because he refused to do it,"" Mr. Trump said. ""If they would have had that water and if they would have done what I said to do, they wouldn't have had the fires in Los Angeles, those fires would have been put out very quickly,""

The president visited Los Angeles in late-January with the first lady, weeks after two massive fires devastated opposite ends of Los Angeles County. He was greeted by Newsom when he landed at the airport.

""I don't think you can realize how rough it is, how devastating is until you see it,"" Mr. Trump said at the time. ""I mean, I saw a lot of bad things on television, but the extent of it, the side of it, we flew over it in a helicopter. We flew to a few of the areas, and it is devastation.""

Mr. Trump's comments ended with a challenge for the Golden State's governor.

""I'd love him to run for president on the other side. I'd love to see that, but I don't think he's going to be running because that one project alone, well, that and the fires and a lot of other things pretty much put him out of the race,"" he said.

Dean Fioresi is a web producer for CBS Los Angeles. He covers breaking news throughout Southern California. When he's not writing about local events, he enjoys focusing on sports and entertainment."
"Seeking spending cuts, GOP targets a tax hospitals love to pay",https://www.cbsnews.com/news/gop-spending-cuts-medicaid-tax-hospitals/,"Republicans, on the hunt for spending cuts, are eying a special kind of Medicaid tax that nearly every state uses to boost funding for hospitals, nursing homes, and other providers.",politics,cbsnews,"On the eastern plains of Colorado, in a county of less than 6,000 people, Lincoln Health runs the only hospital within a 75-minute drive. The facility struggles financially, given its small size and the area's tiny population.

But for over a decade, the Hugo, Colorado-based health system has remained afloat partially thanks to a surprising source: special taxes on the state's hospitals.

The taxes Lincoln pays help cover the state's Medicaid costs and — because the federal government matches a portion of what states spend on Medicaid — enable Colorado to claim more federal money. That generally leads to more dollars for the hospital. The tax proceeds also have helped Colorado expand Medicaid under the Affordable Care Act to cover 400,000 more low-income adults, significantly reducing the number of people showing up at hospital doors without insurance.

Last year, Lincoln paid $500,000 in provider taxes but netted more than $3.6 million extra from Medicaid, accounting for about 15% of its budget, said Lincoln CEO Kevin Stansbury.

""These dollars allow me to care for patients who are enrolled in Medicaid and to break even rather than lose money,"" he said. ""Without them, it would significantly impact our ability to survive.""

Every state except Alaska uses at least one provider tax to boost its federal Medicaid dollars.

But Republicans who control Congress are looking for potential cuts in the nearly $900 billion Medicaid program to help fund an extension of President Trump's tax cuts — and have sought to portray provider taxes as malicious, sometimes even deriding them as ""money laundering."" Lawmakers say they may curtail or eliminate provider taxes as part of legislation to enact Mr. Trump's domestic agenda.

""It's infuriating,"" Stansbury said.

Medicaid and the closely related Children's Health Insurance Program together cover roughly 79 million low-income and disabled people and are jointly financed by states and the federal government.

Federal dollars match state payments with no limit. While the split varies based on a state's per capita income, the federal match ranges from 50% to 77% for children, pregnant women, and people with disabilities, who make up most of the enrollment.

States started using provider taxes in the 1980s to help pay their share and gain additional Medicaid funds from the federal government.

Brian Blase, a former Trump health policy adviser who leads the conservative Paragon Health Institute, sees provider taxes as one of the highest forms of waste in Medicaid. States and their hospitals, nursing homes, and other providers aren't held accountable for how the tax money is used, reducing incentives for states to control Medicaid spending, he said.

""This has been a feature of the program for four decades, and it is a feature that is getting worse,"" Blase said.

The Congressional Budget Office estimates eliminating provider taxes would save the federal government more than $600 billion over a decade.

Rep. Brett Guthrie (R-Ky.), who chairs the House committee that oversees Medicaid, has said provider taxes are on the menu for potential cuts.

Other changes Republicans are considering to cut federal Medicaid spending include requiring adult enrollees to prove they're working as a condition of eligibility, as well as ending higher payments for adults enrolled as part of the Affordable Care Act's expansion of the program.

Since 2014, more than 20 million nondisabled adults in 40 states and Washington, D.C., have gained coverage under the expansion.

House Republicans have set a Memorial Day deadline to come to an agreement on spending cuts, which would help pay for extending about $4 trillion in tax cuts passed during Mr. Trump's first administration and set to expire at the end of this year.

The Government Accountability Office and the Medicaid and CHIP Payment and Access Commission , a congressional advisory board, have raised concerns about the provider taxes, which effectively saddle federal taxpayers with state expenses. Republican and Democrat presidents have criticized or proposed curtailing the use of Medicaid provider taxes — including Mr. Trump in his first term , Barack Obama , and Joe Biden while serving as vice president.

But opposition from hospitals, nursing homes, and states snuffed out any move to limit or end the arrangements.

Colorado and other states often use the money to maintain or increase payments to providers, which are often paid less by Medicaid than by Medicare, the federal program primarily for people 65 or older, or private insurers.

States have added provider taxes to help generate federal money to cope with economic downturns and budget constraints.

Hospitals in Idaho last year began paying an additional provider tax to increase pay to hospitals and home- and community-based providers. The tax came as Idaho's Republican-controlled legislature sought to add many conditions that threatened to end the state's Medicaid expansion — which would also eliminate a key source of increased federal funding.

Brian Whitlock, president and CEO of the Idaho Hospital Association, said funding from the hospital tax helps boost Medicaid payments to about 80% of Medicare's rates instead of 60%.

""We still lose money on every Medicare and Medicaid patient,"" he said. ""The state recognizes that this money helps offset the losses we take under Medicaid reimbursement.""

While hospitals and nursing homes have been the main beneficiaries of provider tax proceeds, ambulance services have also paid and benefited from Medicaid taxes. States increasingly have also approved Medicaid taxes on private insurers that operate their Medicaid programs to gain more federal funds.

California's Medicaid managed care tax began in 2009 and is expected to generate nearly $9 billion in net revenue for the 2024-25 fiscal period — or about 5% of the state's Medicaid budget, according to the California Legislative Analyst's Office.

In recent years, California has extended full Medicaid coverage to immigrants lacking permanent legal status. Federal law prohibits federal Medicaid dollars from being used to cover people in the country without authorization, but states can use their own money.

At a presentation to congressional staffers in April, Blase cited California's strategy as an example of provider tax abuse and claimed the state is effectively laundering federal funds to cover people living in the country illegally.

In practice, the tax has been a kind of fiscal pressure valve generally offsetting state spending. A ballot measure that passed in November now requires that much of the money from California's tax specifically be used to increase Medicaid reimbursement to doctors, hospitals, and other providers.

Hospital officials and state Medicaid leaders argue the term ""money laundering"" is an inaccurate way to describe provider taxes, since they are allowed by federal law. But Blase said calling the levies a ""tax"" is misleading, pointing out that most businesses don't typically advocate to pay one.

Jamie Whitney, chief legal officer for Texas-based Adelanto HealthCare Ventures, a consulting firm, said that provider taxes are a politically neutral way to help states pay for Medicaid and that curtailing their use would harm them all. ""This is not a red-state, blue-state issue,"" she said.

Colorado is one of more than a dozen states that have funded an ACA Medicaid expansion using provider tax money. Others include Arkansas, Louisiana, Missouri, North Carolina, Ohio, and Virginia.

Colorado implemented its Medicaid provider tax effort in 2009. In the 2024 fiscal year, about $5 billion of the state's $15 billion Medicaid program was funded by provider taxes, according to the state.

The money helps the state pay higher Medicaid reimbursements to hospitals, which reduces their need to charge higher rates to private insurers, said Kim Bimestefer, executive director of the Colorado Department of Health Care Policy and Financing, which oversees Medicaid.

Some of the extra payments are dependent on hospitals meeting certain quality and patient-safety metrics, such as reducing readmission rates after patients are discharged — a requirement state officials say improves care for everyone.

The provider taxes also fund a program allowing working residents with disabilities to buy into Medicaid coverage even if their income is as high as 300% of the federal poverty level, or $46,950 for an individual. About 20,000 people are enrolled in the program.

Among them is Alison Sbrana, 31, of Fort Collins, Colorado, who has a type of chronic fatigue syndrome and relies on Medicaid to cover long-term home care.

""It would be devastating if the benefit went away,"" said Sbrana, who works as a researcher and activist for those with the same disorder. ""I would be forced to stop working to keep my income low enough to qualify.""

The state's provider taxes also pay for a $60 million fund to support rural hospitals, helping them add telehealth services, recruit surgeons, and hire paramedics, according to a state report.

Konnie Martin, CEO of San Luis Valley Health, a two-hospital system based in Alamosa, Colorado, said her nonprofit paid $5.4 million in provider taxes last year and gained about $15 million in benefits from higher Medicaid payments and the rural grants.

She said the money helps her hospital maintain obstetrical services, so residents don't have to drive 120 miles to the nearest maternity hospital. Without the birthing center, the entire region would suffer, she said.

""It also would gut the economy of the community, because young people will move away,"" she said."
"Bondi is pressed to spare civil rights-era ""peacemakers"" program from closure",https://www.cbsnews.com/news/community-relations-service-pam-bondi-house-democrats/,"An internal Justice Department memo said President Trump's appointees are considering closing the Community Relations Service, which was created as part of the Civil Rights Act of 1964.",politics,cbsnews,"Top House Democrats on Wednesday are asking Attorney General Pam Bondi to spare a civil rights-era office that has frequently been referred to as the ""peacemakers program.""

An internal Justice Department memo reviewed by CBS News last month said President Trump's appointees are considering closing the Community Relations Service, which was created as part of the Civil Rights Act of 1964. The mission of the office is to be ""America's peacemaker,"" tasked with ""preventing and resolving racial and ethnic tensions, conflicts, and civil disorders, and in restoring racial stability and harmony.""

In a letter sent Wednesday to Bondi and the Justice Department, more than two dozen House Democrats wrote, ""We strongly urge you to abandon any plans of dissolving the work of the Community Relations Service.""

The letter, which included Rep. Bobby Scott, a Virginia Democrat who is the ranking member of the House Education Committee, said the Community Relations Service combats violence and city unrest. The letter says the office's ""work also kept places of worship safe after a series of high-profile attacks in recent years.""

Though created during the mid-20th century, the Community Relations Service was expanded under the Emmett Till Unsolved Civil Rights Crime Act in 2008.

The Community Relations Service does not investigate or prosecute crimes and has no law enforcement authority, and according to the Justice Department , its services are both confidential and free of charge to communities that accept or request them. In 2021, the agency said of its mission that it sought to help realize Martin Luther King Jr.'s ""inspiring dream of a vibrant, all-embracing nation unified in justice, peace, and reconciliation.""

The House Democrats who are pressing Bondi to spare the office from reductions wrote, ""We are aware that during the previous Trump Administration there was a similar effort to abandon the valuable work of the Community Relations Service by recommending its elimination in budget proposals and reducing staffing.""

The Justice Department did not immediately respond to requests for comment from CBS News.

The Community Relations Service worked to ease rising racial tensions after the 1997 fatal police shooting of a Chinese-American man in Rohnert Park, California, in Akron, Ohio in 2022 after the shooting of a Black man by police and deploying twice to Minneapolis during the trial of Derek Chauvin after the killing of George Floyd in 2020 in Minnesota.

""We would find and stop brush fires, before they became forest fires,"" said Ron Wakabayashi, a former regional director of the Community Relations Service. Wakabayashi told CBS News last month he fears the nation will be at greater risk of unrest, boycotts and lawsuits without the agency's Community Relations Service deployed regionally across the U.S..

Scott MacFarlane is CBS News' Justice correspondent. He has covered Washington for two decades, earning 20 Emmy and Edward R. Murrow awards. His reporting has resulted directly in the passage of five new laws."
